Joan,Howard,JoanSHoward@armyspy.com,3246 Austin Avenue,Saint Simons Island,GA 31522,9122916368
Heather,Hyde,HeatherRHyde@rhyta.com,203 Eagles Nest Drive,Sacramento,CA 95814,5307136185
Robert,Taylor,RobertBTaylor@armyspy.com,3196 Evergreen Lane,Irvine,CA 92614,3236207646
Aaron,Clarke,AaronWClarke@armyspy.com,2041 James Street,Buffalo,NY 14202,5856102728
Amelia,Winston,AmeliaLWinston@dayrep.com,2312 Coal Street,Clarion,PA 16214,8142983906
David,John,DavidMJohn@jourrapide.com,348 Eagle Drive,Farmington Hills,MI 48335,7346898982
James,Pierce,JamesEPierce@rhyta.com,832 North Bend River Road,Paintsville,KY 41240,6067890544
Jim,Anderson,JimJAnderson@jourrapide.com,4885 Coffman Alley,Murray,KY 42071,2707674754
Mavis,Taylor,MavisRTaylor@dayrep.com,4318 Tyler Avenue,Boca Raton,FL 33486,3053447058
Geraldine,Lacroix,GeraldineLLacroix@jourrapide.com,3322 Caldwell Road,Rochester,NY 14608,5853031717
Greg,Hardy,GregKHardy@rhyta.com,4283 Buena Vista Avenue,Roseburg,OR 97470,5416737433
Donna,McGhee,DonnaEMcGhee@rhyta.com,4240 Smith Road,Atlanta,GA 30339,7709057012
Jacob,Crawford,JacobECrawford@dayrep.com,3998 Lighthouse Drive,Collins,MO 64738,4172752709
George,Martinez,GeorgeMMartinez@teleworm.us,3611 Glendale Avenue,Woodland Hills,CA 91303,8187126308
Dan,Williams,DanRWilliams@teleworm.us,1351 Hurry Street,Harrisonburg,VA 22802,5402711466
Stephen,William,StephenCWilliam@dayrep.com,3016 Romano Street,Cambridge,MA 02141,7813634416
Brenda,Edwards,BrendaTEdwards@armyspy.com,2671 Norma Lane,Monroe,LA 71201,3185663458
Jana,Zullo,JanaJZullo@rhyta.com,2402 Hillside Drive,Lafayette,LA 70503,3379911867
Mario,Watts,MarioIWatts@armyspy.com,1241 Joanne Lane,Lexington,MA 02173,9784905250
Diane,Yeager,DianeWYeager@jourrapide.com,3535 Simpson Square,Guymon,OK 73942,5806175479
